{"initial_reset_timestamp": 1611187948.113574, "timestamps": [1611187948.8582702, 1611187949.7196007, 1611187950.4551811, 1611187951.4499056, 1611187952.3001626, 1611187953.3227162, 1611187953.9636788, 1611187954.7976158, 1611187955.6537817, 1611187956.4210262, 1611187957.092027, 1611187958.0610328, 1611187959.3029099, 1611187961.1637151, 1611187961.7456667, 1611187962.8484762, 1611187964.4043064, 1611187965.2343688, 1611187966.4000118, 1611187967.4408326, 1611187968.3398209, 1611187969.2864187, 1611187970.2937264, 1611187971.2482831, 1611187972.2780437, 1611187973.3034322, 1611187974.1233768, 1611187974.7291346, 1611187975.3786638, 1611187976.6297336, 1611187977.6363597, 1611187978.7567859, 1611187979.9927897, 1611187980.7345934, 1611187981.6388152, 1611187983.0992248, 1611187984.0814753, 1611187984.9974442, 1611187985.7777288, 1611187986.5821476, 1611187987.6001048, 1611187988.9317129, 1611187989.8006852, 1611187990.544543, 1611187991.5924408, 1611187992.5210495, 1611187993.138377, 1611187994.4817705, 1611187995.5136516, 1611187996.7179368, 1611187997.3654344, 1611187998.8543465, 1611187999.8807557, 1611188000.7792964, 1611188001.5865629, 1611188002.7519853, 1611188003.6301217, 1611188005.2497165, 1611188006.2916374, 1611188007.1426725, 1611188007.9212265, 1611188008.5877707, 1611188009.7487893, 1611188010.7549186, 1611188011.475452, 1611188012.5106785, 1611188013.5611627, 1611188014.3805432, 1611188015.2656145, 1611188016.1120741, 1611188017.2150772, 1611188018.1278956, 1611188019.0331638, 1611188019.7938375, 1611188020.789359, 1611188021.843051, 1611188022.6004598, 1611188023.4411247, 1611188024.4441993, 1611188025.2842715, 1611188026.4671793, 1611188027.4817097, 1611188028.3565156, 1611188029.189268, 1611188029.7932024, 1611188030.6445012, 1611188031.7777197, 1611188032.737134, 1611188033.5380797, 1611188034.704988, 1611188035.880831, 1611188036.6441047, 1611188037.6640031, 1611188038.8138156, 1611188039.9688385, 1611188040.725417, 1611188041.4577417, 1611188042.1902232, 1611188043.244574, 1611188044.6250873, 1611188046.148462, 1611188047.3087027, 1611188048.165571, 1611188048.902235, 1611188050.0803711, 1611188051.1110067, 1611188051.8442266, 1611188052.6161728, 1611188053.2811627, 1611188054.484736, 1611188055.4433255, 1611188057.3197262, 1611188058.2747693, 1611188058.98118, 1611188059.6418722, 1611188060.489232, 1611188061.800122, 1611188063.4032686, 1611188064.2052205, 1611188065.2830408, 1611188065.993014, 1611188066.8867946, 1611188067.5713625, 1611188068.5109131, 1611188069.4173427, 1611188070.8446448, 1611188071.8129427, 1611188072.9317768, 1611188074.263042, 1611188075.1600294, 1611188075.7388854, 1611188076.577919, 1611188077.6050017, 1611188078.6086926, 1611188079.4468734, 1611188080.5944421, 1611188081.4593613, 1611188082.4859912, 1611188083.4000628, 1611188084.4849646, 1611188085.7297409, 1611188086.7139213, 1611188087.8334725, 1611188088.6132967, 1611188089.4010615, 1611188090.5757787, 1611188091.3501668, 1611188092.3337154, 1611188093.2432685, 1611188094.2830415, 1611188095.3864152, 1611188096.3971984, 1611188097.3997133, 1611188098.1871862, 1611188099.331958, 1611188100.4427733, 1611188101.2190092, 1611188102.01801, 1611188103.2872741, 1611188104.3849792, 1611188105.4612088, 1611188106.4709105, 1611188107.4036636, 1611188108.112829, 1611188108.89621, 1611188109.8862417, 1611188111.0794015, 1611188112.1302953, 1611188112.9925582, 1611188113.929859, 1611188114.7551649, 1611188115.9820042, 1611188117.0814488, 1611188118.0083463, 1611188119.2087529, 1611188120.4032104, 1611188121.238314, 1611188122.3488793, 1611188123.182016, 1611188123.8754408, 1611188125.1467633, 1611188126.1299574, 1611188127.2331562, 1611188128.249929, 1611188129.7244794, 1611188130.4925592, 1611188131.8048358, 1611188132.817685, 1611188133.7908163, 1611188134.7834623, 1611188135.7575374, 1611188136.7421052, 1611188137.8756607, 1611188138.8806486, 1611188139.8959982, 1611188141.5698917, 1611188142.2010505, 1611188143.2418392, 1611188143.9872782, 1611188144.866222, 1611188145.7503064, 1611188146.6548865, 1611188147.6672673, 1611188148.4953294, 1611188149.4714746, 1611188150.9328237, 1611188151.6739986, 1611188152.3662035, 1611188153.2474947, 1611188154.3060586, 1611188155.5813534, 1611188156.528255, 1611188157.1979241, 1611188158.2019136, 1611188159.3453104, 1611188160.5460653, 1611188161.4313319, 1611188162.5164366, 1611188163.525337, 1611188165.2895792, 1611188166.583121, 1611188167.8232555, 1611188168.8669667, 1611188169.800437], "episode_lengths": [617, 685, 591, 780, 693, 829, 514, 669, 681, 608, 530, 745, 826, 1470, 497, 849, 1216, 662, 915, 792, 614, 679, 704, 645, 710, 651, 589, 444, 450, 896, 697, 799, 872, 434, 544, 989, 714, 685, 531, 567, 719, 914, 592, 539, 747, 601, 442, 806, 654, 745, 401, 921, 707, 594, 539, 790, 608, 1103, 721, 598, 531, 478, 790, 733, 537, 734, 731, 617, 627, 589, 751, 634, 587, 509, 641, 690, 515, 575, 708, 576, 802, 747, 653, 616, 443, 614, 763, 669, 565, 744, 798, 542, 703, 777, 809, 524, 521, 495, 731, 941, 890, 659, 609, 530, 806, 721, 517, 561, 476, 863, 679, 1261, 668, 516, 477, 606, 909, 1104, 586, 741, 515, 636, 493, 679, 623, 985, 670, 772, 938, 634, 405, 577, 704, 678, 601, 749, 604, 730, 642, 754, 823, 683, 745, 554, 513, 743, 536, 662, 646, 685, 763, 696, 670, 508, 779, 755, 548, 551, 796, 735, 750, 656, 611, 498, 553, 653, 715, 683, 590, 650, 576, 798, 744, 589, 769, 736, 588, 737, 586, 415, 854, 684, 696, 665, 881, 534, 916, 607, 595, 654, 684, 674, 771, 699, 716, 1119, 450, 709, 515, 615, 622, 646, 691, 581, 665, 1010, 519, 504, 623, 731, 876, 624, 445, 696, 658, 800, 585, 715, 672, 1146, 884, 831, 701, 653], "episode_rewards": [330.0, 290.0, 270.0, 470.0, 390.0, 560.0, 250.0, 280.0, 380.0, 290.0, 250.0, 380.0, 870.0, 2610.0, 230.0, 510.0, 1270.0, 310.0, 590.0, 420.0, 260.0, 360.0, 390.0, 220.0, 380.0, 430.0, 360.0, 220.0, 100.0, 770.0, 310.0, 490.0, 600.0, 150.0, 330.0, 780.0, 460.0, 290.0, 240.0, 260.0, 250.0, 500.0, 400.0, 330.0, 640.0, 340.0, 210.0, 220.0, 330.0, 490.0, 160.0, 450.0, 3490.0, 190.0, 200.0, 580.0, 390.0, 780.0, 410.0, 360.0, 250.0, 190.0, 430.0, 590.0, 190.0, 270.0, 400.0, 200.0, 320.0, 280.0, 430.0, 380.0, 400.0, 180.0, 370.0, 350.0, 270.0, 290.0, 510.0, 310.0, 490.0, 280.0, 300.0, 320.0, 150.0, 420.0, 480.0, 250.0, 320.0, 500.0, 360.0, 330.0, 370.0, 370.0, 510.0, 230.0, 220.0, 260.0, 310.0, 720.0, 430.0, 350.0, 210.0, 230.0, 390.0, 380.0, 200.0, 270.0, 230.0, 900.0, 270.0, 1430.0, 300.0, 310.0, 270.0, 280.0, 680.0, 650.0, 330.0, 370.0, 220.0, 310.0, 240.0, 350.0, 330.0, 600.0, 310.0, 420.0, 500.0, 320.0, 160.0, 360.0, 340.0, 300.0, 270.0, 400.0, 250.0, 630.0, 360.0, 330.0, 410.0, 350.0, 340.0, 300.0, 310.0, 320.0, 300.0, 510.0, 280.0, 490.0, 410.0, 300.0, 460.0, 210.0, 520.0, 300.0, 260.0, 290.0, 400.0, 280.0, 460.0, 410.0, 390.0, 280.0, 310.0, 450.0, 300.0, 260.0, 430.0, 370.0, 350.0, 710.0, 420.0, 330.0, 430.0, 310.0, 290.0, 360.0, 460.0, 110.0, 430.0, 280.0, 260.0, 360.0, 480.0, 240.0, 1180.0, 300.0, 290.0, 490.0, 360.0, 490.0, 530.0, 340.0, 390.0, 680.0, 230.0, 390.0, 330.0, 450.0, 370.0, 340.0, 340.0, 230.0, 340.0, 580.0, 320.0, 270.0, 270.0, 500.0, 1130.0, 390.0, 160.0, 320.0, 370.0, 640.0, 290.0, 270.0, 420.0, 900.0, 890.0, 420.0, 340.0, 280.0],