{"initial_reset_timestamp": 1611188677.7231007, "timestamps": [1611188677.7653248, 1611188677.7999005, 1611188677.8541865, 1611188677.8889422, 1611188677.9321227, 1611188678.0723248, 1611188678.1265326, 1611188678.180632, 1611188678.23531], "episode_lengths": [88, 79, 111, 76, 88, 225, 105, 106, 111], "episode_rewards": [-118.11052540749041, -327.4153117394716, -354.6920458658159, -190.83773926341078, -207.80777025642857, -386.7474812194821, -224.96909550429527, -238.13143115049735, -316.07740688254773], "episode_types": ["t", "t", "t", "t", "t", "t", "t", "t", "t", "t"]}