{"initial_reset_timestamp": 1611186084.7905095, "timestamps": [1611186085.7670965, 1611186086.8885207, 1611186087.8221169, 1611186089.0849228, 1611186090.1696146, 1611186091.4561095, 1611186092.1495345, 1611186093.0945175, 1611186094.0507379, 1611186094.8953214, 1611186095.6858768, 1611186096.7341752, 1611186097.903005, 1611186099.9691815, 1611186100.6004953, 1611186101.7938766, 1611186103.443953, 1611186104.3395548, 1611186105.6037233, 1611186106.665859, 1611186107.4534903, 1611186108.4084985, 1611186109.3676934, 1611186110.3472517, 1611186111.3569534, 1611186112.3305948, 1611186113.1504972, 1611186113.7825, 1611186114.3941114, 1611186117.011003], "episode_lengths": [617, 685, 591, 780, 693, 829, 514, 669, 681, 608, 530, 745, 826, 1470, 497, 849, 1216, 662, 915, 792, 614, 679, 704, 645, 710, 651, 589, 444, 450, 896], "episode_rewards": [330.0, 290.0, 270.0, 470.0, 390.0, 560.0, 250.0, 280.0, 380.0, 290.0, 250.0, 380.0, 870.0, 2610.0, 230.0, 510.0, 1270.0, 310.0, 590.0, 420.0, 260.0, 360.0, 390.0, 220.0, 380.0, 430.0, 360.0, 220.0, 100.0, 770.0], "episode_types": ["t", "t", "t", "t", "t", "t", "t", "t", "t", "t", "t", "t", "t", "t", "t", "t", "t", "t", "t", "t", "t", "t", "t", "t", "t", "t", "t", "t", "t", "t", "t"]}