{"initial_reset_timestamp": 1611186570.9309702, "timestamps": [1611186571.6899352, 1611186572.5776289, 1611186573.324898, 1611186574.3362558, 1611186575.2103877, 1611186576.201321, 1611186577.859872, 1611186580.5132651], "episode_lengths": [617, 685, 591, 780, 693, 829, 514, 669], "episode_rewards": [330.0, 290.0, 270.0, 470.0, 390.0, 560.0, 250.0, 280.0], "episode_types": ["t", "t", "t", "t", "t", "t", "t", "t", "t"]}