{"initial_reset_timestamp": 1611189314.830302, "timestamps": [1611189314.9375846, 1611189315.0299397, 1611189315.1505854, 1611189315.2386153, 1611189315.3242056, 1611189315.585504, 1611189315.6845243, 1611189315.7576807, 1611189315.8312173], "episode_lengths": [88, 79, 111, 76, 88, 225, 105, 106, 111], "episode_rewards": [-118.11052540749041, -327.4153117394716, -354.6920458658159, -190.83773926341078, -207.80777025642857, -386.7474812194821, -224.96909550429527, -238.13143115049735, -316.07740688254773], "episode_types": ["t", "t", "t", "t", "t", "t", "t", "t", "t", "t"]}