{"initial_reset_timestamp": 1611190494.841246, "timestamps": [1611190494.8948927, 1611190494.941398, 1611190495.0146842, 1611190495.0686963, 1611190495.127925, 1611190495.2990649, 1611190495.3657103, 1611190495.4324768, 1611190495.515397], "episode_lengths": [88, 79, 111, 76, 88, 225, 105, 106, 111], "episode_rewards": [-118.11052540749041, -327.4153117394716, -354.6920458658159, -190.83773926341078, -207.80777025642857, -386.7474812194821, -224.96909550429527, -238.13143115049735, -316.07740688254773], "episode_types": ["t", "t", "t", "t", "t", "t", "t", "t", "t", "t"]}