{"initial_reset_timestamp": 1611190677.3871913, "timestamps": [1611190677.440472, 1611190677.4873216, 1611190677.5602236, 1611190677.6142056, 1611190677.6714346, 1611190677.8422263, 1611190677.9164546, 1611190677.9873588, 1611190678.0757935], "episode_lengths": [88, 79, 111, 76, 88, 225, 105, 106, 111], "episode_rewards": [-118.11052540749041, -327.4153117394716, -354.6920458658159, -190.83773926341078, -207.80777025642857, -386.7474812194821, -224.96909550429527, -238.13143115049735, -316.07740688254773], "episode_types": ["t", "t", "t", "t", "t", "t", "t", "t", "t", "t"]}