{"initial_reset_timestamp": 1611190975.7734835, "timestamps": [1611190975.8245294, 1611190975.8699164, 1611190975.9375248, 1611190975.9826798, 1611190976.0434825, 1611190976.2142496, 1611190976.2829843, 1611190976.3478925, 1611190976.4170392, 1611190976.7155087, 1611190977.2788048, 1611190977.6547015, 1611190978.0758982, 1611190978.376306, 1611190978.9991014, 1611190979.4132671, 1611190979.9158125, 1611190980.4006658, 1611190980.7235968, 1611190981.0449662, 1611190981.9804509, 1611190982.4218333, 1611190982.9025357, 1611190983.3832393, 1611190983.8056326, 1611190984.1534505, 1611190984.7856932, 1611190985.576603, 1611190986.091473, 1611190986.5535798, 1611190987.047244, 1611190987.5141811, 1611190988.2355943, 1611190988.5965648, 1611190989.0680017, 1611190989.4453647, 1611190989.9908009, 1611190990.592191, 1611190991.268572, 1611190991.5079055, 1611190991.9113462, 1611190992.368195, 1611190992.760109, 1611190993.1705787, 1611190993.5189142, 1611190993.947243, 1611190994.3199496, 1611190994.7843022, 1611190995.0653594, 1611190995.78073, 1611190996.0761979, 1611190996.3801858, 1611190996.6643212, 1611190997.4067822, 1611190997.855144, 1611190998.3078337, 1611190998.6539314, 1611190998.9053648, 1611190999.4608974, 1611191000.232667, 1611191001.2131903, 1611191001.830402, 1611191002.2145803, 1611191002.9913893, 1611191003.4820578, 1611191003.930852, 1611191004.2601974, 1611191004.6561804, 1611191005.1225615, 1611191006.090212, 1611191006.872367, 1611191007.8222773, 1611191008.5830603, 1611191008.987053, 1611191009.4160128, 1611191009.925499, 1611191010.3131008, 1611191010.7929986, 1611191011.3704236, 1611191011.7543273, 1611191012.1673121, 1611191012.5070686, 1611191013.0709033, 1611191013.827932, 1611191014.2181864, 1611191015.2363925, 1611191015.9306476, 1611191016.3998213, 1611191016.9070268, 1611191017.5753877, 1611191018.278582, 1611191018.778427, 1611191019.1401584, 1611191019.549214, 1611191020.2548099, 1611191020.6689584, 1611191021.238372, 1611191021.907708, 1611191022.640121, 1611191023.051057, 1611191023.7015016, 1611191024.4385314, 1611191024.7841225, 1611191025.4402583, 1611191025.8270538, 1611191026.4795518, 1611191027.0437548, 1611191027.52437, 1611191027.9057293, 1611191028.367167, 1611191029.35744, 1611191029.9934378, 1611191030.6716108, 1611191031.6380537, 1611191032.5520747, 1611191032.9544318, 1611191033.564001, 1611191034.1368113, 1611191034.651992, 1611191035.1749012, 1611191035.9362142, 1611191036.2844687, 1611191036.5940707, 1611191036.9219825, 1611191037.3797443, 1611191038.0781407, 1611191038.5244873, 1611191038.9940164, 1611191039.6744137, 1611191040.048809, 1611191040.773619, 1611191041.4880779, 1611191041.9522827, 1611191042.274963, 1611191042.577502, 1611191042.998415, 1611191043.4925835, 1611191044.0572262, 1611191044.5926805, 1611191045.04598, 1611191046.0315254, 1611191046.657619, 1611191046.948066, 1611191047.5242062, 1611191048.0147202, 1611191048.8711476, 1611191049.6690912, 1611191050.1784904, 1611191050.5317314, 1611191050.9045858, 1611191051.510729, 1611191051.8310251, 1611191052.251121, 1611191052.6981156, 1611191053.1581643, 1611191053.6189976, 1611191054.110543, 1611191054.4305775, 1611191054.855069], "episode_lengths": [88, 79, 111, 76, 88, 225, 105, 106, 111, 93, 145, 115, 118, 83, 153, 103, 124, 103, 85, 80, 226, 100, 119, 121, 105, 92, 166, 170, 114, 104, 118, 126, 160, 97, 127, 92, 109, 85, 151, 70, 107, 121, 105, 115, 84, 108, 97, 122, 76, 186, 75, 86, 81, 195, 117, 123, 103, 74, 134, 186, 139, 82, 86, 176, 126, 105, 79, 96, 90, 202, 152, 124, 126, 97, 98, 118, 88, 85, 143, 95, 100, 91, 128, 81, 64, 73, 100, 95, 100, 156, 149, 103, 80, 90, 125, 84, 107, 107, 130, 107, 141, 167, 77, 145, 91, 149, 132, 104, 76, 102, 136, 116, 136, 119, 90, 79, 126, 127, 120, 118, 182, 78, 78, 78, 102, 169, 113, 117, 136, 80, 160, 146, 98, 71, 76, 100, 103, 120, 131, 111, 137, 133, 66, 138, 93, 155, 105, 107, 84, 84, 130, 78, 98, 87, 96, 106, 111, 77, 104], "episode_rewards": [-118.11052540749041, -327.4153117394716, -354.6920458658159, -190.83773926341078, -207.80777025642857, -386.7474812194821, -224.96909550429527, -238.13143115049735, -316.07740688254773, -332.8485074576102, -464.87533801598346, -134.84983663133443, -250.93346872075162, -370.8065736001535, -421.9571403231741, -328.901035636531, -278.44771587392574, -243.53873387407435, -83.27538912867662, -347.74257371352246, -135.0993762102282, -136.06364717981555, -356.8889951420174, -375.6004529437282, -364.20291837050144, -332.15663594058515, -350.3279616868303, -487.27119000264446, -124.46418345831664, -378.6844338611892, -321.34635302348465, -506.95897137349834, 115.34484919382353, -536.6786304655955, -381.2221587776509, -386.69150083696405, -279.6870793394228, -282.7898406834579, -138.62379426139424, -125.66679432387082, -395.2307711684753, -169.83351164705977, -603.9247878636338, -221.29388345235293, -124.37323709096161, -259.4477748458205, -240.8368172206402, -578.5943458313604, -191.45396531972474, -168.90186652608992, -98.8394848670531, -323.7175119304111, -449.6299812039908, -459.71735022926964, -85.03969825100538, -351.1560744499461, -71.26067893224078, -151.7525815880848, -131.7424517459801, -72.36313773687569, -205.50288152154985, -352.45697545871286, -460.9905662589856, -256.7544536356522, -238.42559399189443, -555.4226074854505, -162.6861446383714, -145.54831040129048, -436.5248167832824, -78.10548511677685, -505.9877145218372, -119.70782800915785, -436.06050636396867, -204.85376075265094, -480.13466668757604, -259.4868736147081, -524.9857241068156, -304.62137488833525, -394.6101432763022, -341.7604017946006, -364.79706529327484, -444.24294421645124, -487.9007575903273, -482.0021159663621, -210.60225959859005, -508.8969062581028, -393.7652357838636, -183.57008274245186, -225.8923219942326, -284.53034379676046, -254.7183481847609, -267.77305773999615, -343.788998538596, -227.31752043515314, -416.94841102868264, -283.92239352632186, -171.6674894195282, -395.85656322839515, -376.9282280981752, -235.30111726568066, -448.8787101785164, -473.52784468110264, -134.96294166203478, -273.09999445733234, -254.16147956341632, -235.8529789694627, -380.46384738122333, -612.8438783085762, -167.5870082276801, -530.844624537494, -558.8386071740532, -191.0740316984618, -593.6482331308764, -203.38944786027946, -337.7685660729557, -441.92980864936095, -456.1499845301157, -464.53579711118834, -353.1275131438891, -606.7478672574582, -572.5055496711641, -493.7376273336499, -139.29095599220378, -556.4859557544103, -389.8023227737925, -151.46371961688226, -411.63705349286323, -293.311818935809, -154.68305194489005, -218.0849115508838, -373.0928442455724, -519.1515177387046, -616.825724022844, -143.3229651468048, -111.15625236440424, -139.95811487852637, -381.40712436113813, -200.1976533889931, -658.4569646029397, -178.30030518334314, -395.18134892379265, -645.7741114850727, -303.5759025062198, -546.2167892753613, -413.98448081460907, -175.7618515969622, -472.0100113165573, -245.3309264306504, -466.23089226549695, -472.762524896137, -689.5763307241646, -413.519647434214, -265.5382348271214, -424.7707403795132, 107.55514290898638, -427.3816526328553, -426.75435734935735, -397.95242006188465, -463.38845742397814],