{"initial_reset_timestamp": 1611018781.9508493, "timestamps": [1611018784.4854481, 1611018785.391823], "episode_lengths": [617, 685], "episode_rewards": [330.0, 290.0], "episode_types": ["t", "t", "t"]}