{"initial_reset_timestamp": 1611018802.4269905, "timestamps": [1611018804.8614483, 1611018805.7279847, 1611018806.4537983, 1611018807.4046855, 1611018808.3232975, 1611018809.3220053, 1611018809.941539, 1611018810.7428117, 1611018811.599819, 1611018812.3354468, 1611018813.0335536, 1611018813.9304218, 1611018814.97965, 1611018816.851838, 1611018817.40328, 1611018818.498123, 1611018819.9713166, 1611018820.797113, 1611018821.92364, 1611018822.9411583, 1611018823.8476598, 1611018824.8268113, 1611018825.8005216, 1611018826.6790938, 1611018827.6594572, 1611018828.5715556, 1611018829.3539298, 1611018829.9750495, 1611018830.583707, 1611018831.7690282, 1611018832.74375, 1611018833.7846198, 1611018834.9904346, 1611018835.592702, 1611018836.3799884, 1611018837.7267923, 1611018838.6684415, 1611018839.6259956, 1611018840.3470907, 1611018841.1591659, 1611018842.1384065, 1611018843.429929, 1611018844.2693834, 1611018845.0477424], "episode_lengths": [617, 685, 591, 780, 693, 829, 514, 669, 681, 608, 530, 745, 826, 1470, 497, 849, 1216, 662, 915, 792, 614, 679, 704, 645, 710, 651, 589, 444, 450, 896, 697, 799, 872, 434, 544, 989, 714, 685, 531, 567, 719, 914, 592, 539], "episode_rewards": [330.0, 290.0, 270.0, 470.0, 390.0, 560.0, 250.0, 280.0, 380.0, 290.0, 250.0, 380.0, 870.0, 2610.0, 230.0, 510.0, 1270.0, 310.0, 590.0, 420.0, 260.0, 360.0, 390.0, 220.0, 380.0, 430.0, 360.0, 220.0, 100.0, 770.0, 310.0, 490.0, 600.0, 150.0, 330.0, 780.0, 460.0, 290.0, 240.0, 260.0, 250.0, 500.0, 400.0, 330.0], "episode_types": ["t", "t", "t", "t", "t", "t", "t", "t", "t", "t", "t", "t", "t", "t", "t", "t", "t", "t", "t", "t", "t", "t", "t", "t", "t", "t", "t", "t", "t", "t", "t", "t", "t", "t", "t", "t", "t", "t", "t", "t", "t", "t", "t", "t", "t"]}