{"initial_reset_timestamp": 1611187425.5494256, "timestamps": [1611187426.2934718, 1611187427.1389904, 1611187427.897354, 1611187428.8878808, 1611187429.7901795, 1611187430.794373, 1611187432.3617132, 1611187434.8484037, 1611187437.4614825, 1611187439.809072, 1611187441.9323287], "episode_lengths": [617, 685, 591, 780, 693, 829, 514, 669, 681, 608, 530], "episode_rewards": [330.0, 290.0, 270.0, 470.0, 390.0, 560.0, 250.0, 280.0, 380.0, 290.0, 250.0], "episode_types": ["t", "t", "t", "t", "t", "t", "t", "t", "t", "t", "t", "t"]}