{"initial_reset_timestamp": 1611018865.780191, "timestamps": [1611018868.2908714, 1611018869.3257432, 1611018870.2478802, 1611018871.3414834, 1611018872.3423555, 1611018873.5099344, 1611018874.2194364, 1611018875.183543, 1611018876.2023487, 1611018877.0774026, 1611018877.8559601, 1611018879.0542185, 1611018880.4630501, 1611018882.6438987, 1611018883.3410387, 1611018884.5849078, 1611018886.350181, 1611018887.3568232, 1611018888.9582253, 1611018890.2415066, 1611018891.2608168, 1611018892.5314586, 1611018893.750002, 1611018894.820379, 1611018896.0427377, 1611018897.1628168, 1611018898.122909, 1611018898.860901, 1611018899.619939, 1611018901.0672057, 1611018902.230308, 1611018903.576763, 1611018905.0263875, 1611018905.7427056, 1611018906.6616673, 1611018908.3177133, 1611018909.5000916, 1611018910.610957, 1611018911.4914284, 1611018912.3945117, 1611018913.586053, 1611018915.1237962, 1611018916.1011915, 1611018917.005013, 1611018918.2615159, 1611018919.253002, 1611018919.935781, 1611018921.3102334, 1611018922.402459, 1611018923.6119351, 1611018924.2302117, 1611018925.752439, 1611018926.9022856, 1611018927.921804, 1611018928.845419, 1611018930.1240823, 1611018931.1032035, 1611018932.9585083, 1611018934.1813395, 1611018935.1727319, 1611018936.1112738, 1611018936.8758142, 1611018938.2208898, 1611018939.4637449, 1611018940.3503969, 1611018941.5610693, 1611018942.7578433, 1611018943.7053366, 1611018944.7121482, 1611018945.6953151, 1611018946.9136589, 1611018947.8846755, 1611018948.8063724, 1611018949.597073, 1611018950.6796546, 1611018951.8141093, 1611018952.6079879, 1611018953.3845935, 1611018954.395614, 1611018955.2112772, 1611018956.3211508, 1611018957.322254, 1611018958.2238686, 1611018959.0794125, 1611018959.6988032, 1611018960.5595672, 1611018961.6553152, 1611018962.620357, 1611018963.6260114, 1611018964.8811085, 1611018966.179401, 1611018967.11817, 1611018968.2811954, 1611018969.5766482, 1611018970.9369915, 1611018971.7666438, 1611018972.6256354, 1611018973.4268675, 1611018974.5628226, 1611018976.2056558, 1611018977.5192642, 1611018978.4077823, 1611018979.2306855, 1611018979.9378188, 1611018981.069639, 1611018982.0488968, 1611018982.7853012, 1611018983.6091607, 1611018984.2692733, 1611018985.4602242, 1611018986.452113, 1611018988.2512743, 1611018989.140298, 1611018989.8460453, 1611018990.4665697, 1611018991.3065336, 1611018992.5786753, 1611018994.0976768, 1611018994.8880064, 1611018995.9005902, 1611018996.6013398, 1611018997.4846427, 1611018998.1642046, 1611018999.1299574, 1611019000.0136106, 1611019001.4754226, 1611019002.4564388, 1611019003.5561907, 1611019004.8838198, 1611019005.758741, 1611019006.3129919, 1611019007.105373, 1611019008.1091373, 1611019009.035492, 1611019009.8549597, 1611019010.892091, 1611019011.7843812, 1611019012.7974527, 1611019013.7182446, 1611019014.7609103, 1611019015.9300685, 1611019016.8918245, 1611019017.9726496, 1611019018.7351768, 1611019019.4391904, 1611019020.5296514, 1611019021.2719698, 1611019022.1812828, 1611019023.075518, 1611019024.0357854, 1611019025.138222, 1611019026.1025739, 1611019027.0657382, 1611019027.7770338, 1611019028.9154491, 1611019029.975925, 1611019030.7489457, 1611019031.5107932, 1611019032.620876, 1611019033.6613586, 1611019034.6810036, 1611019035.7336285, 1611019036.6297972, 1611019037.3608992, 1611019038.1082358, 1611019039.0265267, 1611019040.1154006, 1611019041.0658016, 1611019041.9048586, 1611019042.8468966, 1611019043.658537, 1611019045.0403433, 1611019046.260126, 1611019047.2025306, 1611019048.487035, 1611019049.691676, 1611019050.639798, 1611019051.828962, 1611019052.758517, 1611019053.3995004, 1611019054.767045, 1611019055.861009, 1611019056.9916644, 1611019058.0724528, 1611019059.3863304, 1611019060.1309056, 1611019061.3749213, 1611019062.189848, 1611019062.9965303, 1611019063.9127123, 1611019064.8476038, 1611019065.7855265, 1611019066.869897, 1611019067.8345368, 1611019068.8267782, 1611019070.3985107, 1611019071.0865805, 1611019072.1412401, 1611019072.8914862, 1611019073.955471, 1611019074.8006504, 1611019075.674894, 1611019076.6185575, 1611019077.3955255, 1611019078.3313892, 1611019079.7537403, 1611019080.454359, 1611019081.1191676, 1611019081.9813137, 1611019082.9726686, 1611019084.2019615, 1611019085.1030357, 1611019085.7078357, 1611019086.6579769, 1611019087.58268, 1611019088.7027764, 1611019089.539397, 1611019090.57149, 1611019091.5033712, 1611019093.1465733, 1611019094.3879433, 1611019095.5309327, 1611019096.4727836, 1611019097.3836453, 1611019098.0563893, 1611019099.1822228, 1611019100.0012012, 1611019100.8973842, 1611019101.8627036, 1611019102.5496345, 1611019103.4431493, 1611019104.3940299, 1611019105.120756, 1611019105.8317509, 1611019107.2666042, 1611019108.9742727, 1611019110.7846787, 1611019112.1019661, 1611019112.9274914, 1611019114.266816, 1611019115.0488098, 1611019116.4011064, 1611019117.662227, 1611019118.80142, 1611019119.9280467, 1611019120.714685, 1611019121.3623414, 1611019122.1908088, 1611019122.8928401, 1611019123.6856565, 1611019124.506995, 1611019125.386834, 1611019126.253658, 1611019127.2560563, 1611019128.9061074, 1611019129.7762196, 1611019130.911098, 1611019131.6308281, 1611019132.6652987, 1611019133.4416194, 1611019134.290301, 1611019135.2132895, 1611019136.1636388, 1611019137.378821, 1611019138.7051172, 1611019139.4536114, 1611019140.1173334, 1611019141.1394455, 1611019142.0789912, 1611019143.4317358, 1611019144.2758462, 1611019145.0625782, 1611019145.9837003, 1611019146.7392552, 1611019147.6450574, 1611019148.7503524, 1611019149.2911785, 1611019150.2993422, 1611019151.835083, 1611019152.7750602, 1611019153.763169, 1611019154.8126829, 1611019155.7841418, 1611019156.4383342, 1611019158.0047803, 1611019158.801616, 1611019159.6767008, 1611019160.5250244, 1611019161.276867, 1611019161.9192822, 1611019162.8494186, 1611019163.6101387, 1611019164.5499144, 1611019165.450592, 1611019166.2981827, 1611019167.3066182, 1611019168.4292006, 1611019169.2803237, 1611019170.2424312, 1611019171.2292802, 1611019172.0953898, 1611019172.8820093, 1611019173.6991215, 1611019174.4415689, 1611019175.2764754, 1611019176.3360424, 1611019177.3813138, 1611019178.3143961, 1611019179.2468934, 1611019180.0575666, 1611019180.8868136], "episode_lengths": [617, 685, 591, 780, 693, 829, 514, 669, 681, 608, 530, 745, 826, 1470, 497, 849, 1216, 662, 915, 792, 614, 679, 704, 645, 710, 651, 589, 444, 450, 896, 697, 799, 872, 434, 544, 989, 714, 685, 531, 567, 719, 914, 592, 539, 747, 601, 442, 806, 654, 745, 401, 921, 707, 594, 539, 790, 608, 1103, 721, 598, 531, 478, 790, 733, 537, 734, 731, 617, 627, 589, 751, 634, 587, 509, 641, 690, 515, 575, 708, 576, 802, 747, 653, 616, 443, 614, 763, 669, 565, 744, 798, 542, 703, 777, 809, 524, 521, 495, 731, 941, 890, 659, 609, 530, 806, 721, 517, 561, 476, 863, 679, 1261, 668, 516, 477, 606, 909, 1104, 586, 741, 515, 636, 493, 679, 623, 985, 670, 772, 938, 634, 405, 577, 704, 678, 601, 749, 604, 730, 642, 754, 823, 683, 745, 554, 513, 743, 536, 662, 646, 685, 763, 696, 670, 508, 779, 755, 548, 551, 796, 735, 750, 656, 611, 498, 553, 653, 715, 683, 590, 650, 576, 798, 744, 589, 769, 736, 588, 737, 586, 415, 854, 684, 696, 665, 881, 534, 916, 607, 595, 654, 684, 674, 771, 699, 716, 1119, 450, 709, 515, 615, 622, 646, 691, 581, 665, 1010, 519, 504, 623, 731, 876, 624, 445, 696, 658, 800, 585, 715, 672, 1146, 884, 831, 701, 653, 511, 809, 599, 644, 684, 505, 651, 701, 524, 523, 1038, 1194, 1273, 935, 588, 972, 565, 953, 900, 818, 804, 560, 478, 603, 510, 603, 598, 646, 644, 709, 1179, 647, 821, 541, 732, 557, 611, 673, 672, 863, 928, 538, 489, 718, 690, 957, 626, 555, 645, 545, 641, 775, 410, 727, 1105, 682, 701, 760, 690, 501, 1110, 572, 642, 625, 555, 468, 662, 575, 674, 637, 600, 709, 806, 612, 669, 700, 582, 566, 599, 550, 605, 783, 754, 662, 710, 585, 623],