{"initial_reset_timestamp": 1611069089.4915767, "timestamps": [1611069090.2416947, 1611069091.042145, 1611069091.7507927, 1611069092.7065098, 1611069093.523301, 1611069094.4967637, 1611069095.1063783, 1611069095.8659961, 1611069096.6694849, 1611069097.381405, 1611069098.018642, 1611069098.8688989, 1611069099.8801563, 1611069101.6451485, 1611069102.21036, 1611069103.184383, 1611069104.6193938, 1611069105.4068935, 1611069106.573788, 1611069107.4501693, 1611069108.131721, 1611069108.921382, 1611069109.7617428, 1611069110.50436, 1611069111.327802, 1611069112.1153228, 1611069112.7981098, 1611069113.3449924, 1611069113.8780591], "episode_lengths": [617, 685, 591, 780, 693, 829, 514, 669, 681, 608, 530, 745, 826, 1470, 497, 849, 1216, 662, 915, 792, 614, 679, 704, 645, 710, 651, 589, 444, 450], "episode_rewards": [330.0, 290.0, 270.0, 470.0, 390.0, 560.0, 250.0, 280.0, 380.0, 290.0, 250.0, 380.0, 870.0, 2610.0, 230.0, 510.0, 1270.0, 310.0, 590.0, 420.0, 260.0, 360.0, 390.0, 220.0, 380.0, 430.0, 360.0, 220.0, 100.0], "episode_types": ["t", "t", "t", "t", "t", "t", "t", "t", "t", "t", "t", "t", "t", "t", "t", "t", "t", "t", "t", "t", "t", "t", "t", "t", "t", "t", "t", "t", "t", "t"]}