{"initial_reset_timestamp": 1611190483.9888067, "timestamps": [1611190484.0408182, 1611190484.0858166, 1611190484.1532588, 1611190484.1981678, 1611190484.2561958, 1611190484.4337246, 1611190484.4997504, 1611190484.565328, 1611190484.6397579, 1611190484.9512494, 1611190485.457623, 1611190485.8423197, 1611190486.1897545, 1611190486.5775888, 1611190487.0458894, 1611190487.4042575, 1611190487.7081776, 1611190488.2258532, 1611190489.0206256, 1611190489.4788902], "episode_lengths": [88, 79, 111, 76, 88, 225, 105, 106, 111, 93, 145, 114, 101, 100, 119, 99, 85, 144, 205, 123], "episode_rewards": [-118.11052540749041, -327.4153117394716, -354.6920458658159, -190.83773926341078, -207.80777025642857, -386.7474812194821, -224.96909550429527, -238.13143115049735, -316.07740688254773, -332.8485074576102, -464.87533801598346, -144.30470211751802, -156.66865018855142, -170.2557254630146, -515.3308224675513, -191.44305535936445, -493.8216127069292, -182.5024410850317, -420.50295337377923, -278.648551775399], "episode_types": ["t", "t", "t", "t", "t", "t", "t", "t", "t", "t", "t", "t", "t", "t", "t", "t", "t", "t", "t", "t", "t"]}