{"initial_reset_timestamp": 1611069215.1235533, "timestamps": [1611069215.8922865, 1611069216.7656934, 1611069217.5319233, 1611069218.5064316, 1611069219.369914, 1611069220.397723, 1611069220.9973464, 1611069221.828008, 1611069222.6598632, 1611069223.418424, 1611069224.0858965, 1611069225.007376, 1611069226.0592906, 1611069227.911583, 1611069228.5415144, 1611069229.5862172, 1611069231.094745, 1611069231.9272316, 1611069233.048148, 1611069234.0106528, 1611069234.7410655, 1611069235.5979311, 1611069236.4795122, 1611069237.2428918, 1611069238.0975115, 1611069238.9017742, 1611069239.6092744, 1611069240.1553109, 1611069240.7065034, 1611069242.5202482], "episode_lengths": [617, 685, 591, 780, 693, 829, 514, 669, 681, 608, 530, 745, 826, 1470, 497, 849, 1216, 662, 915, 792, 614, 679, 704, 645, 710, 651, 589, 444, 450, 896], "episode_rewards": [330.0, 290.0, 270.0, 470.0, 390.0, 560.0, 250.0, 280.0, 380.0, 290.0, 250.0, 380.0, 870.0, 2610.0, 230.0, 510.0, 1270.0, 310.0, 590.0, 420.0, 260.0, 360.0, 390.0, 220.0, 380.0, 430.0, 360.0, 220.0, 100.0, 770.0], "episode_types": ["t", "t", "t", "t", "t", "t", "t", "t", "t", "t", "t", "t", "t", "t", "t", "t", "t", "t", "t", "t", "t", "t", "t", "t", "t", "t", "t", "t", "t", "t", "t"]}