{"initial_reset_timestamp": 1611068137.7814853, "timestamps": [1611068140.099116, 1611068140.8744674, 1611068141.589438, 1611068142.4809198, 1611068143.2492156, 1611068144.1403623, 1611068144.6684897, 1611068145.4407067, 1611068146.1925228, 1611068146.8742495, 1611068147.4983923, 1611068148.3266191, 1611068149.2894785, 1611068151.0159338, 1611068151.5750105, 1611068152.6984165, 1611068154.0269158, 1611068154.7611165, 1611068155.7424643, 1611068156.5699809, 1611068157.2334826, 1611068157.9829888, 1611068158.757787, 1611068159.4902277, 1611068160.2831507, 1611068161.142445, 1611068161.9219513, 1611068162.4555974, 1611068162.9994452], "episode_lengths": [617, 685, 591, 780, 693, 829, 514, 669, 681, 608, 530, 745, 826, 1470, 497, 849, 1216, 662, 915, 792, 614, 679, 704, 645, 710, 651, 589, 444, 450], "episode_rewards": [330.0, 290.0, 270.0, 470.0, 390.0, 560.0, 250.0, 280.0, 380.0, 290.0, 250.0, 380.0, 870.0, 2610.0, 230.0, 510.0, 1270.0, 310.0, 590.0, 420.0, 260.0, 360.0, 390.0, 220.0, 380.0, 430.0, 360.0, 220.0, 100.0], "episode_types": ["t", "t", "t", "t", "t", "t", "t", "t", "t", "t", "t", "t", "t", "t", "t", "t", "t", "t", "t", "t", "t", "t", "t", "t", "t", "t", "t", "t", "t", "t"]}