{"initial_reset_timestamp": 1611067503.6548486, "timestamps": [1611067506.1188655, 1611067506.9259717, 1611067507.5922747, 1611067508.4236293, 1611067509.178861, 1611067510.0328696, 1611067510.58789, 1611067511.3325257, 1611067512.0652244, 1611067512.6893299, 1611067513.2707305, 1611067514.096711, 1611067514.976556, 1611067516.5826316, 1611067517.0872278, 1611067518.0115173, 1611067519.2890022, 1611067519.983048, 1611067521.1995475, 1611067521.9946074, 1611067522.6243474, 1611067523.7539685, 1611067524.6282601, 1611067525.3686597, 1611067526.2622695, 1611067526.9899685, 1611067527.5886154, 1611067528.0345576, 1611067528.5087578, 1611067529.437214, 1611067530.1810033, 1611067531.0177662, 1611067531.9352791, 1611067532.462355, 1611067533.384081, 1611067534.6213183, 1611067535.3773592, 1611067536.106589, 1611067536.7087705, 1611067537.4147391, 1611067538.3446503, 1611067539.3513677], "episode_lengths": [617, 685, 591, 780, 693, 829, 514, 669, 681, 608, 530, 745, 826, 1470, 497, 849, 1216, 662, 915, 792, 614, 679, 704, 645, 710, 651, 589, 444, 450, 896, 697, 799, 872, 434, 544, 989, 714, 685, 531, 567, 719, 914], "episode_rewards": [330.0, 290.0, 270.0, 470.0, 390.0, 560.0, 250.0, 280.0, 380.0, 290.0, 250.0, 380.0, 870.0, 2610.0, 230.0, 510.0, 1270.0, 310.0, 590.0, 420.0, 260.0, 360.0, 390.0, 220.0, 380.0, 430.0, 360.0, 220.0, 100.0, 770.0, 310.0, 490.0, 600.0, 150.0, 330.0, 780.0, 460.0, 290.0, 240.0, 260.0, 250.0, 500.0], "episode_types": ["t", "t", "t", "t", "t", "t", "t", "t", "t", "t", "t", "t", "t", "t", "t", "t", "t", "t", "t", "t", "t", "t", "t", "t", "t", "t", "t", "t", "t", "t", "t", "t", "t", "t", "t", "t", "t", "t", "t", "t", "t", "t", "t"]}