{"initial_reset_timestamp": 1611191060.0281508, "timestamps": [1611191060.0743678, 1611191060.1137354, 1611191060.1673563, 1611191060.2025917, 1611191060.2451327, 1611191060.3799634, 1611191060.4312437, 1611191060.4993937, 1611191060.5539868, 1611191060.7529235, 1611191061.1248155, 1611191061.4643967, 1611191061.7578743, 1611191061.9925883, 1611191062.2534711, 1611191062.4989893, 1611191062.746753, 1611191062.9675248, 1611191063.2980487, 1611191063.560307], "episode_lengths": [88, 79, 111, 76, 88, 225, 105, 106, 111, 93, 145, 117, 98, 90, 92, 85, 89, 78, 106, 97], "episode_rewards": [-118.11052540749041, -327.4153117394716, -354.6920458658159, -190.83773926341078, -207.80777025642857, -386.7474812194821, -224.96909550429527, -238.13143115049735, -316.07740688254773, -332.8485074576102, -464.87533801598346, -127.80991867169409, -225.21672819592266, -112.76874605232808, -517.1066891787914, -403.46538969060254, -136.7561627321652, -210.58356756254068, -181.58837424737715, -294.18662728661633], "episode_types": ["t", "t", "t", "t", "t", "t", "t", "t", "t", "t", "t", "t", "t", "t", "t", "t", "t", "t", "t", "t", "t"]}