{"initial_reset_timestamp": 1611018750.3808692, "timestamps": [1611018752.930469, 1611018753.8222666, 1611018754.5935268, 1611018755.5809526, 1611018756.429689, 1611018757.4314673, 1611018758.0684261, 1611018758.87988, 1611018759.7697558, 1611018760.4939742, 1611018761.1632638, 1611018762.1018786, 1611018763.1672502, 1611018765.0523477, 1611018765.637783], "episode_lengths": [617, 685, 591, 780, 693, 829, 514, 669, 681, 608, 530, 745, 826, 1470, 497], "episode_rewards": [330.0, 290.0, 270.0, 470.0, 390.0, 560.0, 250.0, 280.0, 380.0, 290.0, 250.0, 380.0, 870.0, 2610.0, 230.0], "episode_types": ["t", "t", "t", "t", "t", "t", "t", "t", "t", "t", "t", "t", "t", "t", "t", "t"]}