{"initial_reset_timestamp": 1611188507.10771, "timestamps": [1611188507.1546655, 1611188507.1906564, 1611188507.2465224, 1611188507.2842402, 1611188507.3346665, 1611188507.4839668, 1611188507.5395062, 1611188507.5951433, 1611188507.6507013], "episode_lengths": [88, 79, 111, 76, 88, 225, 105, 106, 111], "episode_rewards": [-118.11052540749041, -327.4153117394716, -354.6920458658159, -190.83773926341078, -207.80777025642857, -386.7474812194821, -224.96909550429527, -238.13143115049735, -316.07740688254773], "episode_types": ["t", "t", "t", "t", "t", "t", "t", "t", "t", "t"]}