{"initial_reset_timestamp": 1611187602.7096138, "timestamps": [1611187603.439693, 1611187604.2762964, 1611187604.9958653, 1611187605.938194, 1611187606.7837763, 1611187607.7601845, 1611187609.2166076, 1611187611.5162256, 1611187613.9444706, 1611187616.1741416, 1611187618.056292, 1611187620.8350751, 1611187624.2256522, 1611187629.7235208, 1611187631.3444903, 1611187634.226647, 1611187638.3142285, 1611187640.5488298, 1611187643.6997705, 1611187646.4382837, 1611187649.4479394, 1611187653.3971746, 1611187655.5290346, 1611187658.1663492, 1611187661.507647, 1611187665.374829, 1611187669.3995914, 1611187671.212783, 1611187673.912392, 1611187676.8905134, 1611187678.9817061, 1611187681.7618167, 1611187684.3680687, 1611187686.6905766, 1611187688.7747445, 1611187691.6828604, 1611187694.5598948, 1611187698.3167648, 1611187702.091295, 1611187704.4953508, 1611187708.5676172, 1611187711.8673837, 1611187714.4907064, 1611187717.7106154, 1611187719.9104939, 1611187723.7557492, 1611187726.3569307, 1611187728.366862, 1611187730.2366269, 1611187732.60681, 1611187735.3095767, 1611187738.0580664, 1611187740.2098947, 1611187742.754141, 1611187744.972175, 1611187747.8796232, 1611187751.2431602, 1611187754.397959, 1611187759.3195174, 1611187761.7045205, 1611187765.5186827, 1611187768.1498995, 1611187771.923281, 1611187774.6862814, 1611187778.4556148, 1611187781.4435544, 1611187784.9747052, 1611187788.6258128, 1611187790.9194689, 1611187795.0185957, 1611187796.964956, 1611187798.5932226, 1611187801.124217, 1611187804.3381844, 1611187807.135586, 1611187809.4688394, 1611187813.1642919, 1611187816.9743657, 1611187819.3692544, 1611187822.152117, 1611187824.7262292, 1611187826.072154, 1611187828.0316057, 1611187830.4679148, 1611187833.1325657, 1611187835.519633, 1611187838.5595691, 1611187842.291485, 1611187845.7898858, 1611187848.7692933, 1611187851.2140806, 1611187853.0714912, 1611187855.612687, 1611187858.4825168, 1611187861.4643378, 1611187863.8818767, 1611187866.9578037, 1611187869.852636, 1611187872.051799, 1611187874.618371, 1611187877.079558, 1611187879.338592, 1611187881.6128283, 1611187883.7341962, 1611187887.4614704, 1611187890.3507626, 1611187892.866268, 1611187894.751644, 1611187896.6457117, 1611187898.9000926, 1611187902.5553305, 1611187905.2922888, 1611187908.2531567, 1611187910.4534678, 1611187912.8111694, 1611187915.906204, 1611187919.4177747], "episode_lengths": [617, 685, 591, 780, 693, 829, 514, 669, 681, 608, 530, 745, 826, 1470, 497, 849, 1168, 655, 897, 797, 801, 973, 513, 681, 906, 976, 996, 440, 674, 713, 530, 726, 668, 613, 586, 707, 678, 977, 986, 641, 1022, 806, 574, 739, 538, 978, 708, 506, 543, 592, 671, 662, 549, 662, 604, 620, 668, 772, 1120, 611, 940, 680, 917, 687, 1003, 795, 896, 909, 609, 1052, 524, 463, 640, 831, 762, 613, 957, 1016, 612, 720, 663, 350, 542, 603, 659, 635, 812, 959, 865, 784, 599, 518, 693, 736, 759, 657, 770, 790, 582, 666, 607, 606, 613, 563, 965, 753, 656, 530, 533, 600, 904, 702, 726, 576, 638, 781, 861], "episode_rewards": [330.0, 290.0, 270.0, 470.0, 390.0, 560.0, 250.0, 280.0, 380.0, 290.0, 250.0, 380.0, 870.0, 2610.0, 230.0, 510.0, 810.0, 420.0, 640.0, 570.0, 390.0, 600.0, 270.0, 420.0, 600.0, 610.0, 600.0, 180.0, 340.0, 350.0, 340.0, 400.0, 330.0, 320.0, 360.0, 370.0, 280.0, 1270.0, 840.0, 280.0, 750.0, 430.0, 310.0, 410.0, 310.0, 850.0, 380.0, 350.0, 210.0, 360.0, 410.0, 210.0, 320.0, 340.0, 340.0, 320.0, 380.0, 260.0, 990.0, 310.0, 690.0, 420.0, 730.0, 380.0, 830.0, 490.0, 380.0, 870.0, 310.0, 590.0, 280.0, 230.0, 260.0, 590.0, 450.0, 280.0, 510.0, 1040.0, 440.0, 340.0, 300.0, 190.0, 380.0, 430.0, 370.0, 440.0, 470.0, 570.0, 650.0, 430.0, 200.0, 300.0, 410.0, 290.0, 220.0, 380.0, 440.0, 460.0, 360.0, 260.0, 250.0, 360.0, 280.0, 280.0, 810.0, 620.0, 350.0, 380.0, 390.0, 350.0, 520.0, 400.0, 390.0, 460.0, 320.0, 430.0, 700.0], "episode_types": ["t", "t", "t", "t", "t", "t", "t", "t", "t", "t", "t", "t", "t", "t", "t", "t", "t", "t", "t", "t", "t", "t", "t", "t", "t", "t", "t", "t", "t", "t", "t", "t", "t", "t", "t", "t", "t", "t", "t", "t", "t", "t", "t", "t", "t", "t", "t", "t", "t", "t", "t", "t", "t", "t", "t", "t", "t", "t", "t", "t", "t", "t", "t", "t", "t", "t", "t", "t", "t", "t", "t", "t", "t", "t", "t", "t", "t", "t", "t", "t", "t", "t", "t", "t", "t", "t", "t", "t", "t", "t", "t", "t", "t", "t", "t", "t", "t", "t", "t", "t", "t", "t", "t", "t", "t", "t", "t", "t", "t", "t", "t", "t", "t", "t", "t", "t", "t", "t"]}