{"initial_reset_timestamp": 1611067885.5955472, "timestamps": [1611067888.265868, 1611067889.1436112, 1611067889.8478062, 1611067890.793701, 1611067891.5950544, 1611067892.565241, 1611067893.154117, 1611067893.9857807, 1611067894.7782423, 1611067895.4671736, 1611067896.076948, 1611067896.9347942, 1611067897.9397218, 1611067899.721568, 1611067900.2588851, 1611067901.248739, 1611067902.5952585, 1611067903.333726, 1611067904.3935692, 1611067905.3023398, 1611067905.9564826, 1611067906.7907586, 1611067907.6457534, 1611067908.4752982, 1611067909.3395662, 1611067910.293668, 1611067911.0217416, 1611067911.621738, 1611067912.1835747], "episode_lengths": [617, 685, 591, 780, 693, 829, 514, 669, 681, 608, 530, 745, 826, 1470, 497, 849, 1216, 662, 915, 792, 614, 679, 704, 645, 710, 651, 589, 444, 450], "episode_rewards": [330.0, 290.0, 270.0, 470.0, 390.0, 560.0, 250.0, 280.0, 380.0, 290.0, 250.0, 380.0, 870.0, 2610.0, 230.0, 510.0, 1270.0, 310.0, 590.0, 420.0, 260.0, 360.0, 390.0, 220.0, 380.0, 430.0, 360.0, 220.0, 100.0], "episode_types": ["t", "t", "t", "t", "t", "t", "t", "t", "t", "t", "t", "t", "t", "t", "t", "t", "t", "t", "t", "t", "t", "t", "t", "t", "t", "t", "t", "t", "t", "t"]}