{"initial_reset_timestamp": 1611187102.4475033, "timestamps": [1611187103.209819, 1611187104.0828197, 1611187104.8624365, 1611187105.8465855, 1611187106.7188172, 1611187107.7544296, 1611187109.303321, 1611187111.766975], "episode_lengths": [617, 685, 591, 780, 693, 829, 514, 669], "episode_rewards": [330.0, 290.0, 270.0, 470.0, 390.0, 560.0, 250.0, 280.0], "episode_types": ["t", "t", "t", "t", "t", "t", "t", "t", "t"]}