{"initial_reset_timestamp": 1611068068.283477, "timestamps": [1611068071.248861, 1611068072.427313, 1611068073.258374, 1611068074.4265761, 1611068075.4267244, 1611068076.666378, 1611068077.3895504, 1611068078.336792, 1611068079.3464894, 1611068080.2114627, 1611068081.011004, 1611068082.064888, 1611068083.3623598, 1611068085.5254447, 1611068086.1964314, 1611068087.4727044, 1611068089.717062, 1611068090.8082156, 1611068092.2749004, 1611068093.5593894, 1611068094.5175712, 1611068095.6586235, 1611068096.8288357, 1611068098.0942762, 1611068099.2606187, 1611068100.3540373, 1611068101.2872446, 1611068101.9912133, 1611068102.750217], "episode_lengths": [617, 685, 591, 780, 693, 829, 514, 669, 681, 608, 530, 745, 826, 1470, 497, 849, 1216, 662, 915, 792, 614, 679, 704, 645, 710, 651, 589, 444, 450], "episode_rewards": [330.0, 290.0, 270.0, 470.0, 390.0, 560.0, 250.0, 280.0, 380.0, 290.0, 250.0, 380.0, 870.0, 2610.0, 230.0, 510.0, 1270.0, 310.0, 590.0, 420.0, 260.0, 360.0, 390.0, 220.0, 380.0, 430.0, 360.0, 220.0, 100.0], "episode_types": ["t", "t", "t", "t", "t", "t", "t", "t", "t", "t", "t", "t", "t", "t", "t", "t", "t", "t", "t", "t", "t", "t", "t", "t", "t", "t", "t", "t", "t", "t"]}