{"initial_reset_timestamp": 1611188225.1285222, "timestamps": [1611188225.174113, 1611188225.2091992, 1611188225.263527, 1611188225.2990572, 1611188225.3501678, 1611188225.4962618, 1611188225.5531158, 1611188225.6108558, 1611188225.6649454], "episode_lengths": [88, 79, 111, 76, 88, 225, 105, 106, 111], "episode_rewards": [-118.11052540749041, -327.4153117394716, -354.6920458658159, -190.83773926341078, -207.80777025642857, -386.7474812194821, -224.96909550429527, -238.13143115049735, -316.07740688254773], "episode_types": ["t", "t", "t", "t", "t", "t", "t", "t", "t", "t"]}