{"initial_reset_timestamp": 1611189742.1148336, "timestamps": [1611189742.167142, 1611189742.2138412, 1611189742.2843723, 1611189742.329739, 1611189742.3861747, 1611189742.55133, 1611189742.6171124, 1611189742.6825562, 1611189742.757956], "episode_lengths": [88, 79, 111, 76, 88, 225, 105, 106, 111], "episode_rewards": [-118.11052540749041, -327.4153117394716, -354.6920458658159, -190.83773926341078, -207.80777025642857, -386.7474812194821, -224.96909550429527, -238.13143115049735, -316.07740688254773], "episode_types": ["t", "t", "t", "t", "t", "t", "t", "t", "t", "t"]}