{"initial_reset_timestamp": 1611068024.8005414, "timestamps": [1611068027.1641006, 1611068027.9104953, 1611068028.566829, 1611068029.4240384, 1611068030.2016716, 1611068031.0851364, 1611068031.625393, 1611068032.3101668, 1611068033.0254014, 1611068033.6920905, 1611068034.2827396, 1611068035.0918481, 1611068035.9853494, 1611068037.6961308, 1611068038.249157, 1611068039.227372, 1611068040.6166434, 1611068041.3106146, 1611068042.5082355, 1611068043.3546164, 1611068044.030956, 1611068044.7904315, 1611068045.6716905, 1611068046.5207446, 1611068047.3128152, 1611068048.0605526, 1611068048.851043, 1611068049.435412, 1611068050.0063329], "episode_lengths": [617, 685, 591, 780, 693, 829, 514, 669, 681, 608, 530, 745, 826, 1470, 497, 849, 1216, 662, 915, 792, 614, 679, 704, 645, 710, 651, 589, 444, 450], "episode_rewards": [330.0, 290.0, 270.0, 470.0, 390.0, 560.0, 250.0, 280.0, 380.0, 290.0, 250.0, 380.0, 870.0, 2610.0, 230.0, 510.0, 1270.0, 310.0, 590.0, 420.0, 260.0, 360.0, 390.0, 220.0, 380.0, 430.0, 360.0, 220.0, 100.0], "episode_types": ["t", "t", "t", "t", "t", "t", "t", "t", "t", "t", "t", "t", "t", "t", "t", "t", "t", "t", "t", "t", "t", "t", "t", "t", "t", "t", "t", "t", "t", "t"]}