{"initial_reset_timestamp": 1611189559.9140441, "timestamps": [1611189559.964833, 1611189560.0092654, 1611189560.0761285, 1611189560.1205986, 1611189560.1737707, 1611189560.3480146, 1611189560.4303877, 1611189560.4948652, 1611189560.5741603], "episode_lengths": [88, 79, 111, 76, 88, 225, 105, 106, 111], "episode_rewards": [-118.11052540749041, -327.4153117394716, -354.6920458658159, -190.83773926341078, -207.80777025642857, -386.7474812194821, -224.96909550429527, -238.13143115049735, -316.07740688254773], "episode_types": ["t", "t", "t", "t", "t", "t", "t", "t", "t", "t"]}