{"initial_reset_timestamp": 1611188416.3006275, "timestamps": [1611188416.3805676, 1611188416.4479368, 1611188416.5518277, 1611188416.6193745, 1611188416.7006679, 1611188416.9357998, 1611188417.038047, 1611188417.1476593, 1611188417.2496145], "episode_lengths": [88, 79, 111, 76, 88, 225, 105, 106, 111], "episode_rewards": [-118.11052540749041, -327.4153117394716, -354.6920458658159, -190.83773926341078, -207.80777025642857, -386.7474812194821, -224.96909550429527, -238.13143115049735, -316.07740688254773], "episode_types": ["t", "t", "t", "t", "t", "t", "t", "t", "t", "t"]}