{"initial_reset_timestamp": 1611188893.4042425, "timestamps": [1611188893.4558713, 1611188893.503167, 1611188893.5716338, 1611188893.6207166, 1611188893.7039938, 1611188893.8678174, 1611188893.94236, 1611188894.0100756, 1611188894.0890324], "episode_lengths": [88, 79, 111, 76, 88, 225, 105, 106, 111], "episode_rewards": [-118.11052540749041, -327.4153117394716, -354.6920458658159, -190.83773926341078, -207.80777025642857, -386.7474812194821, -224.96909550429527, -238.13143115049735, -316.07740688254773], "episode_types": ["t", "t", "t", "t", "t", "t", "t", "t", "t", "t"]}