{"initial_reset_timestamp": 1611186813.7342188, "timestamps": [1611186814.474572, 1611186815.326147, 1611186816.0637913, 1611186816.9823704, 1611186817.852634, 1611186818.8428736, 1611186820.510271, 1611186823.0564926], "episode_lengths": [617, 685, 591, 780, 693, 829, 514, 669], "episode_rewards": [330.0, 290.0, 270.0, 470.0, 390.0, 560.0, 250.0, 280.0], "episode_types": ["t", "t", "t", "t", "t", "t", "t", "t", "t"]}