{"initial_reset_timestamp": 1611067636.141715, "timestamps": [1611067638.6731303, 1611067639.629189, 1611067640.474825, 1611067641.5313241, 1611067642.4906323, 1611067643.6138632, 1611067644.3061502, 1611067645.2059689, 1611067646.1577532, 1611067646.9905438, 1611067647.7513645, 1611067648.7502398, 1611067649.8857114, 1611067651.9328253, 1611067652.558507, 1611067653.706231, 1611067655.3286815, 1611067656.2138457, 1611067657.4129965, 1611067658.4513636, 1611067659.2191348, 1611067660.1226714, 1611067661.043225, 1611067661.874712, 1611067662.806279, 1611067663.6881597, 1611067664.443423, 1611067665.0248482, 1611067665.5983963], "episode_lengths": [617, 685, 591, 780, 693, 829, 514, 669, 681, 608, 530, 745, 826, 1470, 497, 849, 1216, 662, 915, 792, 614, 679, 704, 645, 710, 651, 589, 444, 450], "episode_rewards": [330.0, 290.0, 270.0, 470.0, 390.0, 560.0, 250.0, 280.0, 380.0, 290.0, 250.0, 380.0, 870.0, 2610.0, 230.0, 510.0, 1270.0, 310.0, 590.0, 420.0, 260.0, 360.0, 390.0, 220.0, 380.0, 430.0, 360.0, 220.0, 100.0], "episode_types": ["t", "t", "t", "t", "t", "t", "t", "t", "t", "t", "t", "t", "t", "t", "t", "t", "t", "t", "t", "t", "t", "t", "t", "t", "t", "t", "t", "t", "t", "t"]}