{"initial_reset_timestamp": 1611190325.1237557, "timestamps": [1611190325.176461, 1611190325.2225554, 1611190325.2928243, 1611190325.3397007, 1611190325.3955624, 1611190325.5645232, 1611190325.630249, 1611190325.7005317, 1611190325.7770693], "episode_lengths": [88, 79, 111, 76, 88, 225, 105, 106, 111], "episode_rewards": [-118.11052540749041, -327.4153117394716, -354.6920458658159, -190.83773926341078, -207.80777025642857, -386.7474812194821, -224.96909550429527, -238.13143115049735, -316.07740688254773], "episode_types": ["t", "t", "t", "t", "t", "t", "t", "t", "t", "t"]}