{"initial_reset_timestamp": 1611068280.664229, "timestamps": [1611068283.156899, 1611068284.1630177, 1611068285.0098653, 1611068286.0952566, 1611068287.1021063, 1611068288.2532952, 1611068288.9707692, 1611068289.8937433, 1611068290.896993, 1611068291.7386417, 1611068292.5047674, 1611068293.5354123, 1611068294.7344165, 1611068296.8980508, 1611068297.6067507, 1611068298.8035846, 1611068300.5185287, 1611068301.469118, 1611068302.739677, 1611068303.866126, 1611068304.6684206, 1611068305.644341, 1611068306.5994828, 1611068307.4610271, 1611068308.4103465, 1611068309.2992039, 1611068310.1057785, 1611068310.7272704, 1611068311.3288035], "episode_lengths": [617, 685, 591, 780, 693, 829, 514, 669, 681, 608, 530, 745, 826, 1470, 497, 849, 1216, 662, 915, 792, 614, 679, 704, 645, 710, 651, 589, 444, 450], "episode_rewards": [330.0, 290.0, 270.0, 470.0, 390.0, 560.0, 250.0, 280.0, 380.0, 290.0, 250.0, 380.0, 870.0, 2610.0, 230.0, 510.0, 1270.0, 310.0, 590.0, 420.0, 260.0, 360.0, 390.0, 220.0, 380.0, 430.0, 360.0, 220.0, 100.0], "episode_types": ["t", "t", "t", "t", "t", "t", "t", "t", "t", "t", "t", "t", "t", "t", "t", "t", "t", "t", "t", "t", "t", "t", "t", "t", "t", "t", "t", "t", "t", "t"]}