{"initial_reset_timestamp": 1611067549.8454232, "timestamps": [1611067552.2412512, 1611067552.9996262, 1611067553.7056894, 1611067554.5751736, 1611067555.3650568, 1611067556.3022509, 1611067556.8539367, 1611067557.5757287, 1611067558.3392334, 1611067559.03835, 1611067559.658546, 1611067560.638911, 1611067561.7502065, 1611067563.7206368, 1611067564.3116803, 1611067565.3879979, 1611067566.9468231, 1611067567.7465656, 1611067568.893969, 1611067569.8665183, 1611067570.6075685, 1611067571.447518, 1611067572.30026, 1611067573.0809422, 1611067573.965107, 1611067574.809588, 1611067575.541083, 1611067576.076985, 1611067576.6281545], "episode_lengths": [617, 685, 591, 780, 693, 829, 514, 669, 681, 608, 530, 745, 826, 1470, 497, 849, 1216, 662, 915, 792, 614, 679, 704, 645, 710, 651, 589, 444, 450], "episode_rewards": [330.0, 290.0, 270.0, 470.0, 390.0, 560.0, 250.0, 280.0, 380.0, 290.0, 250.0, 380.0, 870.0, 2610.0, 230.0, 510.0, 1270.0, 310.0, 590.0, 420.0, 260.0, 360.0, 390.0, 220.0, 380.0, 430.0, 360.0, 220.0, 100.0], "episode_types": ["t", "t", "t", "t", "t", "t", "t", "t", "t", "t", "t", "t", "t", "t", "t", "t", "t", "t", "t", "t", "t", "t", "t", "t", "t", "t", "t", "t", "t", "t"]}