{"initial_reset_timestamp": 1611190921.816538, "timestamps": [1611190921.8669183, 1611190921.912196, 1611190921.981653, 1611190922.0279741, 1611190922.0825906, 1611190922.2473187, 1611190922.3140125, 1611190922.3802469, 1611190922.4490263, 1611190922.779764, 1611190923.2995138, 1611190923.7383084, 1611190924.0729713, 1611190924.4512105, 1611190925.1341739, 1611190925.8456929, 1611190926.4395323, 1611190926.7504928, 1611190927.4853776, 1611190927.8572216, 1611190928.2203712, 1611190928.5804296, 1611190929.0265725], "episode_lengths": [88, 79, 111, 76, 88, 225, 105, 106, 111, 93, 145, 117, 96, 99, 169, 180, 160, 84, 190, 96, 92, 99, 108], "episode_rewards": [-118.11052540749041, -327.4153117394716, -354.6920458658159, -190.83773926341078, -207.80777025642857, -386.7474812194821, -224.96909550429527, -238.13143115049735, -316.07740688254773, -332.8485074576102, -464.87533801598346, -127.80991867169409, -218.41844842593727, -430.52079205174584, -643.0176136922713, -169.32792865772404, -125.12418662303982, -350.7287773530766, -238.38936525428605, -328.60738327967607, -111.65359357675636, -430.49545301019003, -267.83071956071615], "episode_types": ["t", "t", "t", "t", "t", "t", "t", "t", "t", "t", "t", "t", "t", "t", "t", "t", "t", "t", "t", "t", "t", "t", "t", "t"]}