{"initial_reset_timestamp": 1611186731.7021477, "timestamps": [1611186732.449322, 1611186733.2916021, 1611186734.0245485, 1611186734.9521477, 1611186735.8440173, 1611186736.8054543, 1611186738.460882, 1611186741.2090697], "episode_lengths": [617, 685, 591, 780, 693, 829, 514, 669], "episode_rewards": [330.0, 290.0, 270.0, 470.0, 390.0, 560.0, 250.0, 280.0], "episode_types": ["t", "t", "t", "t", "t", "t", "t", "t", "t"]}