{"initial_reset_timestamp": 1611187270.970802, "timestamps": [1611187271.7290018, 1611187272.5869694, 1611187273.374102, 1611187274.3595734, 1611187275.2473319, 1611187276.2629924, 1611187277.7739081, 1611187280.2185285], "episode_lengths": [617, 685, 591, 780, 693, 829, 514, 669], "episode_rewards": [330.0, 290.0, 270.0, 470.0, 390.0, 560.0, 250.0, 280.0], "episode_types": ["t", "t", "t", "t", "t", "t", "t", "t", "t"]}