{"initial_reset_timestamp": 1611189785.518549, "timestamps": [1611189785.5700443, 1611189785.6155345, 1611189785.6837082, 1611189785.728906, 1611189785.7888, 1611189785.9594095, 1611189786.0243645, 1611189786.0916388, 1611189786.1693304], "episode_lengths": [88, 79, 111, 76, 88, 225, 105, 106, 111], "episode_rewards": [-118.11052540749041, -327.4153117394716, -354.6920458658159, -190.83773926341078, -207.80777025642857, -386.7474812194821, -224.96909550429527, -238.13143115049735, -316.07740688254773], "episode_types": ["t", "t", "t", "t", "t", "t", "t", "t", "t", "t"]}