{"initial_reset_timestamp": 1611188352.5245872, "timestamps": [1611188352.6075387, 1611188352.6775184, 1611188352.7973192, 1611188352.8679461, 1611188352.9577374, 1611188353.2247655, 1611188353.3260047, 1611188353.4286475, 1611188353.547658], "episode_lengths": [88, 79, 111, 76, 88, 225, 105, 106, 111], "episode_rewards": [-118.11052540749041, -327.4153117394716, -354.6920458658159, -190.83773926341078, -207.80777025642857, -386.7474812194821, -224.96909550429527, -238.13143115049735, -316.07740688254773], "episode_types": ["t", "t", "t", "t", "t", "t", "t", "t", "t", "t"]}