{"initial_reset_timestamp": 1611188527.1659179, "timestamps": [1611188527.2084281, 1611188527.2437332, 1611188527.2985802, 1611188527.3336763, 1611188527.3759754, 1611188527.5110717, 1611188527.5638711, 1611188527.6193707, 1611188527.6850007], "episode_lengths": [88, 79, 111, 76, 88, 225, 105, 106, 111], "episode_rewards": [-118.11052540749041, -327.4153117394716, -354.6920458658159, -190.83773926341078, -207.80777025642857, -386.7474812194821, -224.96909550429527, -238.13143115049735, -316.07740688254773], "episode_types": ["t", "t", "t", "t", "t", "t", "t", "t", "t", "t"]}