{"initial_reset_timestamp": 1611068616.5639226, "timestamps": [1611068617.2855146, 1611068618.2077482, 1611068618.953373, 1611068619.8896759, 1611068620.7470007, 1611068621.7877839, 1611068622.3824828, 1611068623.2302196, 1611068624.051436, 1611068624.8864923, 1611068625.648714, 1611068626.5538878, 1611068627.578971, 1611068629.5341265, 1611068630.0796006, 1611068631.1638222, 1611068632.6904993, 1611068633.5449584, 1611068634.6740046, 1611068635.8483777, 1611068636.5827541, 1611068637.4187577, 1611068638.240389, 1611068639.0062008, 1611068639.8685017, 1611068640.649923, 1611068641.3501494, 1611068641.9350202, 1611068642.499145], "episode_lengths": [617, 685, 591, 780, 693, 829, 514, 669, 681, 608, 530, 745, 826, 1470, 497, 849, 1216, 662, 915, 792, 614, 679, 704, 645, 710, 651, 589, 444, 450], "episode_rewards": [330.0, 290.0, 270.0, 470.0, 390.0, 560.0, 250.0, 280.0, 380.0, 290.0, 250.0, 380.0, 870.0, 2610.0, 230.0, 510.0, 1270.0, 310.0, 590.0, 420.0, 260.0, 360.0, 390.0, 220.0, 380.0, 430.0, 360.0, 220.0, 100.0], "episode_types": ["t", "t", "t", "t", "t", "t", "t", "t", "t", "t", "t", "t", "t", "t", "t", "t", "t", "t", "t", "t", "t", "t", "t", "t", "t", "t", "t", "t", "t", "t"]}