{"initial_reset_timestamp": 1611067038.4062467, "timestamps": [1611067040.7696612, 1611067041.4835925, 1611067042.1113887, 1611067042.9527926, 1611067043.6840656, 1611067044.563412, 1611067045.0979757, 1611067045.8060265, 1611067046.5449762, 1611067047.1731422, 1611067047.7619996, 1611067048.5376334, 1611067049.4219766, 1611067051.0045352, 1611067051.486256, 1611067052.3890605, 1611067053.685162, 1611067054.382164, 1611067055.337903, 1611067056.1591651, 1611067056.7727823, 1611067057.490816, 1611067058.2087078, 1611067058.868344, 1611067059.6161897, 1611067060.3260767, 1611067060.9274058, 1611067061.4009297, 1611067061.8611925, 1611067062.7670884, 1611067063.4866488, 1611067064.3290486, 1611067065.2378507, 1611067065.685391, 1611067066.2623377, 1611067067.3064816, 1611067068.0420988, 1611067068.7393618, 1611067069.2708962, 1611067069.8703032, 1611067070.628255, 1611067071.5764794, 1611067072.2255018, 1611067072.784003, 1611067073.5816534, 1611067074.2173026, 1611067074.6717134, 1611067075.493998, 1611067076.2173357, 1611067077.0116694, 1611067077.4308128, 1611067078.406261, 1611067079.1563761, 1611067079.7729673, 1611067080.3390658, 1611067081.2035108, 1611067081.8436534, 1611067083.0181293, 1611067083.8013196, 1611067084.4273424, 1611067084.997861, 1611067085.4966557, 1611067086.3531063, 1611067087.1463268, 1611067087.7049925, 1611067088.4691415, 1611067089.2469947, 1611067089.8918722, 1611067090.5260754, 1611067091.153235, 1611067091.9713733, 1611067092.6309335, 1611067093.2525544, 1611067093.7815003, 1611067094.436397, 1611067095.1888556, 1611067095.7409086, 1611067096.3285022, 1611067097.0996318, 1611067097.691157, 1611067098.5291235, 1611067099.3139014, 1611067100.0152783, 1611067100.6847005, 1611067101.1397355, 1611067101.7770705, 1611067102.6038663, 1611067103.3322785, 1611067103.9440842, 1611067104.771527, 1611067105.6298323, 1611067106.1905808, 1611067106.9423952, 1611067107.7618122, 1611067108.6089845, 1611067109.1657975, 1611067109.7207212, 1611067110.2294633, 1611067110.9991238, 1611067111.995675, 1611067112.9492686, 1611067113.6463578, 1611067114.2948844, 1611067114.8779733, 1611067115.7482214, 1611067116.5117202, 1611067117.0757873, 1611067117.678316, 1611067118.175202, 1611067119.086671, 1611067119.8258393, 1611067121.18992, 1611067121.8774683, 1611067122.3938823, 1611067122.9049664, 1611067123.5505135, 1611067124.485541, 1611067125.687313, 1611067126.307118, 1611067127.1190708, 1611067127.6493359, 1611067128.3383613, 1611067128.865298, 1611067129.5821211, 1611067130.2393262, 1611067131.315942, 1611067132.0182085, 1611067132.8623838, 1611067133.883952, 1611067134.5420232, 1611067134.9767764, 1611067135.5900075, 1611067136.3757434, 1611067137.09132, 1611067137.709902, 1611067138.4817407, 1611067139.1669276, 1611067139.9540455, 1611067140.6383665, 1611067141.4739933, 1611067142.330156, 1611067143.045213, 1611067143.8638282, 1611067144.4483092, 1611067144.9991224, 1611067145.811071, 1611067146.3638058, 1611067147.0463746, 1611067147.7497334, 1611067148.492661, 1611067149.3223155, 1611067150.0768929, 1611067150.8108695, 1611067151.3260536, 1611067152.194911, 1611067153.0077837, 1611067153.5896711, 1611067154.187095, 1611067155.0359592, 1611067155.8419974, 1611067156.6098428, 1611067157.3466847, 1611067158.0293305, 1611067158.5735788, 1611067159.1500266, 1611067159.8839996, 1611067160.7408035, 1611067161.4790213, 1611067162.0957398, 1611067162.7982607, 1611067163.4160354, 1611067164.2581995, 1611067165.0571356, 1611067165.690154, 1611067166.5427825, 1611067167.3133965, 1611067167.9651573, 1611067168.793306, 1611067169.411755, 1611067169.8556476, 1611067170.7521122, 1611067171.4835827, 1611067172.2820861, 1611067172.9991639, 1611067173.9249928, 1611067174.5307057, 1611067175.5582962, 1611067176.149232, 1611067176.80421, 1611067177.6691484, 1611067178.6623101, 1611067179.6018178, 1611067180.700044, 1611067181.4867494, 1611067182.4607613, 1611067183.818724, 1611067184.2895033, 1611067185.0927718, 1611067185.6474326, 1611067186.3238113, 1611067186.9994075, 1611067187.762613, 1611067188.7912855, 1611067189.4837003, 1611067190.2863035, 1611067191.5176225, 1611067192.1152508, 1611067192.6666946, 1611067193.6450744, 1611067194.5789359, 1611067195.6507885, 1611067196.4336493, 1611067196.9977982, 1611067197.8869486, 1611067198.6915555, 1611067199.7788644, 1611067200.542929, 1611067201.4609923, 1611067202.368905, 1611067203.9724593, 1611067205.1277356, 1611067206.1593575, 1611067207.0061514, 1611067207.9013636, 1611067208.6044617, 1611067209.6790242, 1611067210.4223177, 1611067211.4054286, 1611067212.3252804, 1611067212.9851534, 1611067213.823355, 1611067214.7277644, 1611067215.4268312, 1611067216.07585, 1611067217.4779327, 1611067219.036544, 1611067220.759778, 1611067221.9469712, 1611067222.684986, 1611067223.8977706, 1611067224.6122365, 1611067225.8729377, 1611067227.0429306, 1611067228.2738686, 1611067229.2717125, 1611067229.9880755, 1611067230.6085086, 1611067231.2332435, 1611067231.7728045, 1611067232.3904018, 1611067233.0479312, 1611067233.738552, 1611067234.398416, 1611067235.2603214, 1611067236.7539642, 1611067237.5402212, 1611067238.5322871, 1611067239.1852958, 1611067240.203834, 1611067240.9064648, 1611067241.6966794, 1611067242.5228913, 1611067243.3544872, 1611067244.5165555, 1611067245.727007, 1611067246.3986557, 1611067247.004586, 1611067247.9343872, 1611067248.7949479, 1611067250.0444078, 1611067250.8500123, 1611067251.6183498, 1611067252.6204457, 1611067253.2893817, 1611067254.1228697, 1611067255.2163274, 1611067255.7506692, 1611067256.6674325, 1611067258.1009195, 1611067259.0757267, 1611067260.0497696, 1611067261.0734506, 1611067262.0215201, 1611067262.7021399, 1611067264.2793076, 1611067265.1211224, 1611067266.0233252, 1611067266.9008183, 1611067267.7083905, 1611067268.3503897, 1611067269.2668424, 1611067270.029673, 1611067270.9849255, 1611067271.9064112, 1611067272.7448146, 1611067273.7472248, 1611067274.8054824, 1611067275.611244, 1611067276.4550009, 1611067277.4832265, 1611067278.2330503, 1611067279.0437403, 1611067279.9031236, 1611067280.6223564, 1611067281.4321468, 1611067282.5481458, 1611067283.5724998, 1611067284.5452168, 1611067285.5464501, 1611067286.4073818, 1611067287.2144914], "episode_lengths": [617, 685, 591, 780, 693, 829, 514, 669, 681, 608, 530, 745, 826, 1470, 497, 849, 1216, 662, 915, 792, 614, 679, 704, 645, 710, 651, 589, 444, 450, 896, 697, 799, 872, 434, 544, 989, 714, 685, 531, 567, 719, 914, 592, 539, 747, 601, 442, 806, 654, 745, 401, 921, 707, 594, 539, 790, 608, 1103, 721, 598, 531, 478, 790, 733, 537, 734, 731, 617, 627, 589, 751, 634, 587, 509, 641, 690, 515, 575, 708, 576, 802, 747, 653, 616, 443, 614, 763, 669, 565, 744, 798, 542, 703, 777, 809, 524, 521, 495, 731, 941, 890, 659, 609, 530, 806, 721, 517, 561, 476, 863, 679, 1261, 668, 516, 477, 606, 909, 1104, 586, 741, 515, 636, 493, 679, 623, 985, 670, 772, 938, 634, 405, 577, 704, 678, 601, 749, 604, 730, 642, 754, 823, 683, 745, 554, 513, 743, 536, 662, 646, 685, 763, 696, 670, 508, 779, 755, 548, 551, 796, 735, 750, 656, 611, 498, 553, 653, 715, 683, 590, 650, 576, 798, 744, 589, 769, 736, 588, 737, 586, 415, 854, 684, 696, 665, 881, 534, 916, 607, 595, 654, 684, 674, 771, 699, 716, 1119, 450, 709, 515, 615, 622, 646, 691, 581, 665, 1010, 519, 504, 623, 731, 876, 624, 445, 696, 658, 800, 585, 715, 672, 1146, 884, 831, 701, 653, 511, 809, 599, 644, 684, 505, 651, 701, 524, 523, 1038, 1194, 1273, 935, 588, 972, 565, 953, 900, 818, 804, 560, 478, 603, 510, 603, 598, 646, 644, 709, 1179, 647, 821, 541, 732, 557, 611, 673, 672, 863, 928, 538, 489, 718, 690, 957, 626, 555, 645, 545, 641, 775, 410, 727, 1105, 682, 701, 760, 690, 501, 1110, 572, 642, 625, 555, 468, 662, 575, 674, 637, 600, 709, 806, 612, 669, 700, 582, 566, 599, 550, 605, 783, 754, 662, 710, 585, 623],